Name,Mean,MeanLB,MeanUB,Stddev,StddevLB,StddevUB
mult/1,26.747479891272125,24.369996461765368,28.115229786027257,2.1278430275168962,0.0,2.3690123097628715
mult/2,13.727458688799844,13.440783864354065,13.885499555025186,0.25215583527787705,0.0,0.2737348099744893
mult/3,14.12565570543878,12.918588042030933,14.759176297183634,1.0492149970494271,0.0,1.0972898525431887
mult/4,5.453860441133202,5.333807445515504,5.524916877138215,0.10910764018659778,0.0,0.12307335736544951
mult/5,4.21696692380005,3.9363499880309973,4.417612944128248,0.3030263694702903,0.0,0.34752910154493666
mult/6,2.323158850605422,2.31232806426533,2.338648843530791,1.3765064830522868e-2,0.0,1.5196308994194725e-2
mult/StrassenMixed,5.299351841466735,5.198698919531125,5.343797780407688,8.893527351060794e-2,0.0,9.735335028690591e-2
