Name,Mean,MeanLB,MeanUB,Stddev,StddevLB,StddevUB
mult/1,25.469967186024515,24.6566617298634,25.89871697664532,0.7074558963795888,0.0,0.7426164210897601
mult/2,13.381737287496646,12.967292617151317,13.592589648021375,0.3590847843333736,0.0,0.3652070013246633
mult/3,5.251273878163382,5.1901124591505186,5.302543107521938,8.159456516702607e-2,0.0,8.880091011392144e-2
mult/4,4.062201954968873,3.7361710192259374,4.280453310181265,0.3273853349634255,0.0,0.37802243604862584
mult/5,2.236124121163567,2.221813136151242,2.2469748416885427,1.6628157144327613e-2,0.0,1.879399924798863e-2
mult/StrassenMixed,5.073841164718849,4.978708538226444,5.126974685680998,8.40631113109666e-2,0.0,9.202995789146727e-2
